﻿#SampleID,k__Fungi,k__Fungi; p__Ascomycota; c__Dothideomycetes,k__Fungi; p__Ascomycota; c__Dothideomycetes; o__Capnodiales; f__Cladosporiaceae; g__Cladosporium,k__Fungi; p__Ascomycota; c__Dothideomycetes; o__Capnodiales; f__Cladosporiaceae; g__Toxicocladosporium; s__Toxicocladosporium_irritans,k__Fungi; p__Ascomycota; c__Dothideomycetes; o__Dothideales; f__Aureobasidiaceae; g__Aureobasidium; s__Aureobasidium_namibiae,k__Fungi; p__Ascomycota; c__Dothideomycetes; o__Pleosporales; f__Didymellaceae; g__Phoma; s__Phoma_herbarum,k__Fungi; p__Ascomycota; c__Dothideomycetes; o__Pleosporales; f__Didymellaceae; g__unidentified; s__unidentified,k__Fungi; p__Ascomycota; c__Dothideomycetes; o__Pleosporales; f__Leptosphaeriaceae; g__Leptosphaeria; s__unidentified,k__Fungi; p__Ascomycota; c__Dothideomycetes; o__Pleosporales; f__Phaeosphaeriaceae,k__Fungi; p__Ascomycota; c__Dothideomycetes; o__Pleosporales; f__Pleosporaceae; g__Alternaria,k__Fungi; p__Ascomycota; c__Dothideomycetes; o__Pleosporales; f__Pleosporaceae; g__Exserohilum,k__Fungi; p__Ascomycota; c__Dothideomycetes; o__Pleosporales; f__unidentified; g__unidentified; s__unidentified,k__Fungi; p__Ascomycota; c__Dothideomycetes; o__unidentified; f__unidentified; g__unidentified; s__unidentified,k__Fungi; p__Ascomycota; c__Eurotiomycetes; o__Chaetothyriales; f__Herpotrichiellaceae; g__Phialophora,k__Fungi; p__Ascomycota; c__Eurotiomycetes; o__Eurotiales; f__Aspergillaceae; g__Aspergillus,k__Fungi; p__Ascomycota; c__Eurotiomycetes; o__Eurotiales; f__Aspergillaceae; g__Aspergillus; s__Aspergillus_penicillioides,k__Fungi; p__Ascomycota; c__Eurotiomycetes; o__Eurotiales; f__Aspergillaceae; g__Aspergillus; s__Aspergillus_terreus,k__Fungi; p__Ascomycota; c__Eurotiomycetes; o__Eurotiales; f__Aspergillaceae; g__Penicillium,k__Fungi; p__Ascomycota; c__Eurotiomycetes; o__Eurotiales; f__Aspergillaceae; g__Penicillium; s__Penicillium_citrinum,k__Fungi; p__Ascomycota; c__Eurotiomycetes; o__Eurotiales; f__Aspergillaceae; g__Penicillium; s__Penicillium_oxalicum,k__Fungi; p__Ascomycota; c__Eurotiomycetes; o__Eurotiales; f__Trichocomaceae; g__Talaromyces,k__Fungi; p__Ascomycota; c__Eurotiomycetes; o__Eurotiales; f__Trichocomaceae; g__Thermomyces; s__Thermomyces_dupontii,k__Fungi; p__Ascomycota; c__Eurotiomycetes; o__Eurotiales; f__Trichocomaceae; g__Xerochrysium; s__Xerochrysium_dermatitidis,k__Fungi; p__Ascomycota; c__Leotiomycetes; o__Helotiales,k__Fungi; p__Ascomycota; c__Leotiomycetes; o__Helotiales; f__Helotiaceae; g__Articulospora,k__Fungi; p__Ascomycota; c__Leotiomycetes; o__Helotiales; f__Sclerotiniaceae,k__Fungi; p__Ascomycota; c__Leotiomycetes; o__Thelebolales; f__Pseudeurotiaceae; g__Pseudogymnoascus,k__Fungi; p__Ascomycota; c__Saccharomycetes; o__Saccharomycetales,k__Fungi; p__Ascomycota; c__Saccharomycetes; o__Saccharomycetales; f__Debaryomycetaceae,k__Fungi; p__Ascomycota; c__Saccharomycetes; o__Saccharomycetales; f__Debaryomycetaceae; g__Debaryomyces,k__Fungi; p__Ascomycota; c__Saccharomycetes; o__Saccharomycetales; f__Debaryomycetaceae; g__Schwanniomyces; s__Schwanniomyces_vanrijiae,k__Fungi; p__Ascomycota; c__Saccharomycetes; o__Saccharomycetales; f__Saccharomycetaceae; g__Kazachstania,k__Fungi; p__Ascomycota; c__Saccharomycetes; o__Saccharomycetales; f__Saccharomycetaceae; g__Kluyveromyces; s__Kluyveromyces_lactis,k__Fungi; p__Ascomycota; c__Saccharomycetes; o__Saccharomycetales; f__Saccharomycetaceae; g__Saccharomyces; s__unidentified,k__Fungi; p__Ascomycota; c__Saccharomycetes; o__Saccharomycetales; f__Saccharomycetales_fam_Incertae_sedis; g__Candida,k__Fungi; p__Ascomycota; c__Saccharomycetes; o__Saccharomycetales; f__Saccharomycetales_fam_Incertae_sedis; g__Candida; s__Candida_tropicalis,k__Fungi; p__Ascomycota; c__Saccharomycetes; o__Saccharomycetales; f__Saccharomycodaceae; g__Hanseniaspora; s__Hanseniaspora_uvarum,k__Fungi; p__Ascomycota; c__Sordariomycetes; o__Diaporthales; f__Diaporthaceae; g__Diaporthe; s__unidentified,k__Fungi; p__Ascomycota; c__Sordariomycetes; o__Hypocreales,k__Fungi; p__Ascomycota; c__Sordariomycetes; o__Hypocreales; f__Clavicipitaceae,k__Fungi; p__Ascomycota; c__Sordariomycetes; o__Hypocreales; f__Hypocreaceae; g__Trichoderma,k__Fungi; p__Ascomycota; c__Sordariomycetes; o__Hypocreales; f__Hypocreales_fam_Incertae_sedis,k__Fungi; p__Ascomycota; c__Sordariomycetes; o__Hypocreales; f__Hypocreales_fam_Incertae_sedis; g__Sarocladium,k__Fungi; p__Ascomycota; c__Sordariomycetes; o__Hypocreales; f__Hypocreales_fam_Incertae_sedis; g__Trichothecium; s__Trichothecium_crotocinigenum,k__Fungi; p__Ascomycota; c__Sordariomycetes; o__Hypocreales; f__Nectriaceae; g__Fusarium; s__unidentified,k__Fungi; p__Ascomycota; c__Sordariomycetes; o__Trichosphaeriales; f__Trichosphaeriaceae; g__Nigrospora; s__Nigrospora_oryzae,k__Fungi; p__Basidiomycota; c__Microbotryomycetes; o__Leucosporidiales; f__Leucosporidiaceae; g__Leucosporidium,k__Fungi; p__Basidiomycota; c__Microbotryomycetes; o__Sporidiobolales; f__Sporidiobolaceae; g__Sporobolomyces,k__Fungi; p__Basidiomycota; c__Tremellomycetes; o__Filobasidiales; f__Filobasidiaceae; g__Filobasidium,k__Fungi; p__Basidiomycota; c__Tritirachiomycetes; o__Tritirachiales; f__Tritirachiaceae; g__Tritirachium; s__Tritirachium_dependens,k__Fungi; p__Basidiomycota; c__Wallemiomycetes; o__Wallemiales; f__Wallemiaceae; g__Wallemia; s__unidentified,
JP306,369,11,905,0,104,0,419,2453,32,131,0,0,0,0,345,2,0,70,0,0,280,1,0,3,0,0,57,72,0,33,0,1,0,2161,0,0,0,174,10561,6262,150,0,310,0,1211,0,1,0,0,0,0,JP306
JP307,20,0,318,0,2,0,101,1,0,343,0,0,0,0,98,0,0,321,0,0,135,1,0,0,0,0,0,0,0,0,118,4,0,4476,0,0,0,0,0,0,73,0,49,0,0,0,0,0,216,0,0,JP307
JP308,650,1,3162,0,109,0,546,1,122,2856,0,0,0,0,3522,2,0,568,0,0,2897,0,12,56,0,2,257,5888,0,1,0,9,0,8192,1,1367,0,0,551,1043,430,0,1565,0,2350,0,0,0,0,0,0,JP308
JP309,724,28,3863,0,400,3230,752,72,0,647,0,0,0,0,1002,25,0,829,0,0,1591,1,0,44,0,0,0,251,1,0,0,8,0,5035,0,0,0,22,241,1697,403,0,531,0,639,0,0,0,0,0,2,JP309
JP310,243,271,4065,0,220,1,187,203,0,140,0,0,0,0,3708,57,2,4828,0,0,5205,35,0,180,0,0,380,4779,346,274,0,23,0,6902,0,1,0,32,47,151,180,1,867,0,3003,0,0,0,0,1,1,JP310
JP311,525,1,3455,0,209,1,1,0,0,409,0,0,0,0,3152,331,0,3468,0,336,4747,576,49,49,1,0,1,1912,356,69,79,11,0,4803,0,0,0,36,56,282,516,0,406,0,3,0,0,0,0,9,1101,JP311
JP312,0,0,1,0,9,0,0,0,0,0,0,0,0,0,6837,154,0,503,0,0,93,59,0,116,0,0,117,1089,3094,241,92,5,0,10,0,0,815,0,0,0,1236,0,82,0,0,0,5098,0,0,0,0,JP312
JP313,690,3,2324,0,0,0,6956,76,0,133,0,0,0,0,4368,425,0,3432,0,225,4863,655,0,48,0,1,155,264,0,0,35,7,0,5163,1,0,31,18,1150,1070,167,0,555,0,736,64,1,0,227,140,2462,JP313
JP314,850,156,2047,0,146,0,1408,1,1,322,0,0,0,0,245,682,0,1573,0,1,1295,472,0,0,0,0,114,24,169,0,0,2,0,8052,190,66,1,0,365,1057,49,0,1307,0,143,0,0,0,0,2,0,JP314
JP315,0,0,0,0,0,0,0,1,0,0,0,0,0,0,2985,212,0,862,0,6,227,252,0,0,0,0,0,0,0,0,0,1,0,0,0,0,0,0,0,0,0,0,0,0,0,0,0,0,0,0,0,JP315
JP316,115,1,2226,0,163,0,407,88,0,119,0,0,0,0,2947,932,0,3595,0,52,818,638,625,27,0,0,73,1032,102,0,193,11,0,2354,0,0,0,0,4,80,205,0,656,0,0,0,1,0,0,0,1295,JP316
JP317,0,0,0,0,0,0,0,0,0,0,0,0,0,0,1,0,0,0,0,0,1,0,0,0,0,0,0,0,0,0,0,0,0,0,0,0,0,0,0,0,0,0,0,0,0,0,0,0,0,0,0,JP317
JP318,392,337,0,0,507,0,155,0,0,326,0,0,0,0,1228,431,0,1601,0,0,11398,34,1,0,0,0,115,0,0,54,42,6,0,6418,0,0,45,0,16,92,203,0,2121,0,881,0,1,0,67,0,0,JP318
JP319,178,0,1525,0,111,0,177,0,107,130,0,0,0,0,3514,1004,0,2489,0,13,659,694,0,52,0,0,40,104,0,1,0,4,0,3701,0,0,0,0,84,88,0,0,1506,0,2216,0,0,0,663,0,0,JP319
JP320,320,0,387,0,86,0,1932,129,0,0,0,1,0,0,3507,3254,0,7816,0,1,588,1084,0,131,1,1,466,172,154,58,0,11,0,2865,0,0,0,72,16,10,454,0,980,0,491,0,0,2135,0,0,1360,JP320
JP321,1318,125,2655,0,241,0,1673,1,0,205,0,0,0,0,11801,92,0,2636,0,16,1426,3,0,410,0,0,724,1352,0,0,39,10,0,3660,0,2228,0,343,50,132,204,19,630,0,27,0,1,0,0,0,2873,JP321
JP322,118,12,1537,0,29,0,188,0,0,42,0,0,0,0,2877,724,1,2259,0,536,331,668,33,99,0,3171,74,16,0,6,9,5,0,1642,0,0,0,9,33,108,197,0,444,0,406,42,1,1,11,6,1,JP322
JP323,472,0,114,0,1,1,34,0,0,0,0,0,0,0,23193,389,0,2554,0,45,738,259,0,347,0,0,57,212,0,0,0,3,0,502,172,1,0,0,71,190,240,0,397,0,1,0,0,0,0,0,8,JP323
JP324,0,0,141,0,1,0,0,0,0,0,0,0,0,28,5861,2724,4,4200,0,102,684,4430,86,885,0,0,1308,915,842,492,105,13,0,11,43,0,0,1,0,0,245,3096,737,0,0,0,0,0,0,95,1,JP324
JP325,0,0,270,0,1,0,0,0,0,0,0,0,0,0,2857,2447,0,13226,0,0,24,2171,0,183,0,0,256,0,105,0,86,1,0,153,1229,0,0,0,0,0,443,0,274,0,303,0,0,0,0,0,13,JP325
JP326,424,70,257,0,44,0,921,16,0,338,0,0,0,0,2209,61,1,2596,82,21,2070,334,124,57,0,0,27,395,195,0,161,2,0,7559,0,0,0,7,113,407,214,0,1014,0,429,0,0,0,0,0,0,JP326
JP327,0,0,327,0,0,1,1,0,0,0,0,0,0,0,8148,3234,13,5976,0,249,411,2756,15,274,1,0,220,403,0,0,0,6,0,17,0,0,0,0,1,19,69,0,577,0,82,0,1,0,0,0,0,JP327
JP328,129,0,31,0,2,0,0,1,0,0,0,0,0,0,1359,998,1,4133,0,10,149,1350,0,49,0,0,248,63,0,0,0,3,0,27,0,0,0,0,0,0,102,0,9935,0,241,0,0,1,0,0,2445,JP328
JP329,0,0,1,0,2,0,27,0,0,0,0,0,0,0,4551,1303,4,3797,0,0,309,1157,508,240,0,0,46,0,0,0,0,1,0,11,130,0,0,0,0,0,16,0,392,0,2,0,0,0,0,0,0,JP329
JP334,59,0,3,0,55,0,9001,133,0,42,0,0,0,1059,5305,3,1,5256,0,0,399,254,265,0,0,0,0,0,0,1,753,9,0,321,0,0,5043,1,2,1,1955,0,254,0,0,0,0,0,0,0,0,JP334
JP349,0,0,0,0,0,0,0,0,0,0,0,0,0,0,1,0,2,0,0,0,0,4526,0,0,0,0,0,0,0,0,0,1,0,0,0,0,0,0,0,0,0,0,0,0,0,0,0,0,0,0,0,JP349
JP350,0,0,0,0,0,0,0,0,0,0,0,0,0,0,0,0,0,0,0,0,0,0,0,0,0,0,0,0,0,0,0,0,0,0,0,0,0,0,0,0,0,0,0,0,0,0,0,0,0,0,0,JP350
JP351,0,0,0,0,0,0,0,0,0,0,0,0,0,0,0,0,0,0,0,0,0,0,0,0,0,0,0,0,0,0,0,0,0,0,0,0,0,0,0,0,0,0,0,0,0,0,0,0,0,0,0,JP351
JP352,347,1495,0,0,0,0,0,0,0,0,0,0,0,0,0,166,0,71,0,0,0,0,0,0,0,0,0,1,0,0,0,3,0,336,0,0,0,0,2,145,0,0,186,0,24,0,0,0,0,1,0,JP352
JP353,2,24,176,0,0,0,0,0,0,0,0,0,0,0,692,0,47,99,0,0,205,1,1,0,0,0,0,0,0,0,0,5,0,968,0,0,0,0,71,78,0,0,42,0,928,0,0,0,0,0,0,JP353
JP354,93,0,26,0,0,0,162,0,0,0,0,0,0,0,2221,0,0,46,0,0,0,0,0,0,0,0,0,0,0,0,0,0,0,171,0,0,0,0,21,415,0,0,66,0,0,0,0,0,0,0,0,JP354
JP356,0,0,0,0,0,0,0,0,0,0,0,0,0,0,1,0,0,0,0,0,1,0,0,0,0,0,0,0,0,0,0,0,0,0,0,0,0,0,0,0,0,0,0,0,0,0,0,0,0,0,0,JP356
JP357,0,0,0,0,1,0,0,1,0,0,2000,0,0,0,30747,0,4,418,0,0,461,642,1,0,0,0,1,0,0,419,0,3,0,1,0,0,0,0,0,0,0,0,0,0,0,0,0,0,0,0,0,JP357
JP358,0,0,0,0,0,0,0,0,0,0,0,0,0,0,512,0,3,1704,0,289,1,745,1499,0,0,0,0,0,0,0,0,0,0,0,0,0,0,0,0,0,0,0,80,0,0,0,0,0,0,0,14,JP358
JP359,0,0,0,0,0,0,0,0,0,0,0,0,0,0,0,0,0,0,0,0,0,0,0,0,0,0,0,0,0,0,0,0,0,0,0,0,0,0,0,0,0,0,0,0,0,0,0,0,0,0,0,JP359
JP360,211,0,636,0,0,0,0,339,0,0,0,0,0,0,1137,0,1397,1246,0,0,181,42,0,0,0,1,0,0,0,0,0,0,0,3152,0,0,0,0,36,115,0,0,70,0,0,0,0,0,0,0,0,JP360
JP363,0,0,0,0,0,0,0,0,0,0,0,0,0,0,0,0,0,0,0,0,0,0,0,0,0,0,0,0,0,0,0,0,0,2,0,0,0,0,0,0,0,0,0,0,0,0,0,0,0,0,0,JP363
JP364,0,0,0,0,0,0,0,0,0,0,0,0,0,0,0,0,0,0,0,0,0,0,0,0,0,0,0,0,0,0,0,0,0,0,0,0,0,0,0,0,0,0,0,0,0,0,0,0,0,0,0,JP364
JP365,0,0,0,0,0,0,0,0,0,0,0,0,0,0,0,0,0,0,0,0,0,0,0,0,0,0,0,0,0,0,0,0,0,0,0,0,0,0,0,0,0,0,0,0,0,0,0,0,0,0,0,JP365
JP366,152,0,0,0,0,0,0,0,0,0,0,0,0,0,2,0,0,1174,0,317,0,543,0,0,0,0,0,0,0,0,0,3,0,251,0,0,0,0,178,151,0,0,153,0,651,0,0,0,0,0,0,JP366
JP367,0,1,0,0,1,1,1,0,0,126,0,0,0,0,7,0,0,227,0,0,315,2,0,0,0,0,2,0,0,0,0,6,0,111,0,0,0,0,269,4363,0,0,0,0,2,0,0,0,1,1,0,JP367
JP368,0,1,0,0,0,0,2,1,0,0,0,0,0,0,6,1,0,2,0,0,1,2,0,0,0,0,0,0,0,0,0,8,0,129,0,0,0,0,0,0,0,0,0,0,0,0,0,0,0,0,0,JP368
JP370,0,0,0,0,0,0,0,0,0,0,0,0,0,0,1,0,0,0,0,0,0,0,2,0,0,0,0,0,0,0,0,0,0,108,0,0,0,0,0,0,0,0,0,0,0,0,0,0,0,0,0,JP370
JP371,0,0,0,0,0,0,0,0,0,0,0,0,0,0,0,0,0,0,0,0,0,0,0,0,0,0,0,0,0,0,0,0,0,0,0,0,0,0,0,0,0,0,0,0,0,0,0,0,0,0,0,JP371
JP372,0,0,310,0,1,0,0,0,0,0,0,0,0,0,1,0,0,0,0,0,0,0,0,0,0,0,0,0,0,0,0,0,0,1,0,0,0,0,0,0,0,0,0,0,0,0,0,0,0,0,0,JP372
JP373,67,0,3,0,0,0,0,0,0,169,0,0,0,0,149,0,94,769,0,0,0,50,0,0,0,0,0,0,0,0,0,2,0,347,0,0,0,0,9,166,0,0,104,0,11,0,0,0,0,0,0,JP373
JP374,128,1,829,0,52,0,78,145,0,0,0,0,0,0,236,0,0,2435,0,161,3,164,0,0,0,0,0,0,0,2,0,3,0,922,0,0,1,0,3,97,0,0,5,0,580,0,0,0,0,0,0,JP374
JP375,14,0,0,0,2,0,18,177,0,43,0,0,0,0,94,1,0,433,0,0,0,138,1,0,0,0,0,146,0,24,151,0,0,26,0,0,0,0,19,105,0,0,42,0,153,0,0,0,0,0,0,JP375
JP376,0,0,0,0,0,0,0,0,0,0,0,0,0,0,0,0,0,0,0,0,0,0,0,0,0,0,0,0,0,0,0,0,0,0,0,0,0,0,0,0,0,0,0,0,0,0,0,0,0,0,0,JP376
JP377,0,0,0,0,0,0,0,0,0,0,0,0,0,0,0,0,0,0,0,0,0,0,0,0,0,0,0,0,0,0,0,0,0,0,0,0,0,0,0,0,0,0,0,0,0,0,0,0,0,0,0,JP377
JP378,0,0,0,0,0,0,0,0,0,0,0,0,0,0,1,0,0,0,0,0,0,0,0,0,0,0,0,0,0,0,0,4,0,1,0,0,0,0,0,1,0,0,0,3315,0,0,0,1,0,0,0,JP378
JP379,2,0,0,1410,0,0,0,0,0,0,0,0,0,0,485,1,0,0,0,0,1,0,0,0,0,0,0,0,0,0,0,1,0,8,0,0,0,0,0,0,0,0,19,0,0,0,0,0,0,0,0,JP379
JP380,444,114,3,0,362,0,943,0,0,322,0,0,0,0,1967,1,0,2416,0,232,3,0,0,0,0,0,0,155,1,209,0,6,0,2643,0,0,0,0,48,2621,0,0,318,0,3,0,0,0,0,0,0,JP380
JP381,281,188,309,0,1,1,143,0,0,5,0,1356,0,0,2,0,0,1240,0,0,1,0,1,0,0,0,0,0,0,0,0,1,0,857,0,0,0,143,13,363,73,0,0,0,146,184,0,0,0,0,0,JP381
JP382,0,0,0,0,0,0,0,0,0,0,0,0,0,0,669,0,0,964,0,1,1,901,0,0,0,0,0,0,0,0,0,1,0,0,0,0,0,0,0,0,0,0,0,0,0,0,0,0,0,0,0,JP382
JP383,4,0,15,0,0,0,1,0,0,0,0,0,0,0,169,495,56,245,0,2,589,1722,0,0,0,0,0,0,0,0,0,1,0,0,0,0,0,0,5,181,0,0,111,0,0,0,0,0,0,0,0,JP383
JP385,126,1,283,0,1,0,3,180,0,101,0,0,0,0,201,0,0,187,0,262,639,1,0,0,0,0,0,0,0,0,0,8,0,629,1,0,0,10,34,4037,72,0,156,0,0,0,0,0,0,0,0,JP385
JP386,258,0,130,0,0,0,2,0,0,0,0,0,0,0,0,0,0,1,0,0,295,0,0,0,0,0,0,0,0,0,0,1,0,409,0,0,0,0,3,123,43,0,80,0,0,0,0,0,0,0,0,JP386
JP387,383,0,146,0,1,0,1,9,0,58,0,0,0,0,222,100,0,1617,0,102,804,0,0,0,0,0,0,0,0,0,0,5,0,1281,0,0,0,0,0,0,1214,0,36,0,0,0,0,0,0,0,0,JP387
JP389,0,0,0,0,0,0,0,0,0,0,0,0,0,0,0,0,0,0,0,0,0,0,0,0,0,0,0,0,0,0,0,0,0,0,0,0,0,0,0,0,0,0,0,0,0,0,0,0,0,0,0,JP389
JP390,0,0,0,0,0,0,0,0,0,0,0,0,0,0,0,0,0,0,0,0,0,0,0,0,0,0,0,0,0,0,0,0,0,1,0,0,0,0,0,0,0,0,0,0,0,0,0,0,0,0,0,JP390
JP391,0,0,0,0,0,0,0,0,0,0,0,0,0,0,0,0,0,0,0,0,0,0,0,0,0,0,0,0,0,0,0,1,0,0,0,0,0,0,0,0,0,0,0,0,0,0,0,0,0,0,0,JP391
JP392,0,0,0,0,0,0,0,0,0,0,0,0,0,0,0,0,0,0,0,0,413,0,0,0,0,0,0,0,0,0,0,0,0,363,0,0,0,0,0,0,0,0,0,0,3,0,0,0,0,0,0,JP392
JP393,0,0,0,0,246,0,150,0,0,0,0,0,1,0,1,0,0,407,0,0,510,0,0,0,0,0,0,0,0,0,0,0,0,166,0,0,0,0,0,0,0,0,522,0,59,0,0,0,0,0,0,JP393
JP394,312,104,842,0,0,0,0,0,0,0,0,0,0,0,110,0,0,24,0,148,753,1,0,0,0,0,0,0,0,0,0,1,0,29,0,0,0,0,506,11204,0,0,438,0,66,0,0,0,0,0,0,JP394
JP396,0,0,0,0,0,0,0,0,0,0,0,0,0,0,1,0,909,0,0,0,69,711,0,0,0,0,0,0,0,0,0,0,0,0,0,0,0,0,0,0,170,0,125,0,0,0,0,0,0,0,0,JP396
JP397,0,0,0,0,0,0,0,0,0,0,0,0,0,0,3,0,0,427,0,0,0,280,94,0,0,0,0,0,0,0,0,1,0,0,0,0,0,0,0,0,0,0,0,0,0,0,0,0,0,0,0,JP397
JP398,0,0,0,0,0,0,0,0,0,0,0,0,0,0,0,0,0,0,0,0,0,35,0,0,0,0,0,0,0,0,0,0,0,0,0,0,0,0,0,0,0,0,0,0,0,0,0,0,0,0,0,JP398
JP399,128,1,363,0,0,0,0,1,0,0,0,0,0,0,544,0,1,427,0,0,0,0,0,0,0,0,0,0,0,103,0,2,0,583,0,0,0,0,73,241,0,0,40,0,1,0,0,0,0,0,0,JP399
JP400,201,0,421,0,0,0,119,360,0,65,0,0,0,0,2,0,0,35,0,542,2,0,0,0,0,0,0,0,0,0,0,3,0,584,0,0,0,0,2,119,80,0,309,0,0,0,0,0,0,0,0,JP400
JP401,492,0,93,0,0,0,66,0,0,0,0,0,0,0,1,0,0,153,0,0,0,0,0,0,0,0,0,0,0,0,0,0,0,344,0,0,0,0,0,0,0,0,111,0,0,0,0,0,0,0,0,JP401
JP496,0,0,0,0,0,0,0,0,0,0,0,0,0,0,0,0,0,0,0,0,0,0,0,0,0,0,0,0,0,0,0,0,0,0,0,0,0,0,0,0,0,0,0,0,0,0,0,0,0,0,0,JP496
JP497,0,0,0,0,0,0,0,0,0,0,0,0,0,0,0,0,0,0,0,0,0,0,0,0,0,0,0,0,0,0,0,0,0,0,0,0,0,0,0,0,0,0,0,0,0,0,0,0,0,0,0,JP497
JP562,0,0,0,0,0,0,0,0,0,0,0,0,0,0,0,0,0,0,0,0,0,1,0,0,0,1,0,0,0,0,0,2,0,0,0,0,0,0,0,0,0,0,0,0,0,0,0,0,0,0,0,JP562
JP563,0,0,0,0,0,0,0,0,0,0,0,0,0,0,0,0,0,1,0,0,0,0,0,0,0,0,0,0,0,0,0,0,0,0,0,0,0,0,0,0,0,0,0,0,0,0,0,0,0,0,0,JP563
JP564,29760,1830,38157,0,447,2,5040,540,781,11237,0,16,0,0,1685,4,0,415,0,3,1727,6,0,0,0,2,24,151,2,1,25,39,0,1335,1,17,0,3823,325,649,666,0,6103,0,42437,2398,1,0,2228,0,1,JP564
JP566,1,0,350,0,0,0,0,0,0,0,0,0,0,0,1136,0,1,0,0,0,0,0,0,0,2184,0,1,0,1603,0,0,3,1688,0,0,0,0,0,0,0,0,0,0,0,0,0,0,0,0,0,0,JP566