﻿#SampleID,Vendor,Timepoint,Diet,Gender,Exp_Group,Group
JP1,CR,Baseline,Chow,Female,CR_Baseline,CF_Baseline_Jej.
JP10,Tac,Baseline,Chow,Male,Tac_Baseline,TM_Baseline_Jej
JP11,Tac,Baseline,Chow,Male,Tac_Baseline,TM_Baseline_Jej
JP12,Tac,Baseline,Chow,Male,Tac_Baseline,TM_Baseline_Jej
JP13,Envigo,Baseline,Chow,Female,Env_Baseline,VF_Baseline_Jej.
JP14,Envigo,Baseline,Chow,Female,Env_Baseline,VF_Baseline_Jej.
JP15,Envigo,Baseline,Chow,Female,Env_Baseline,VF_Baseline_Jej.
JP16,Envigo,Baseline,Chow,Male,Env_Baseline,VM_Baseline_Jej.
JP17,Envigo,Baseline,Chow,Male,Env_Baseline,VM_Baseline_Jej.
JP18,Envigo,Baseline,Chow,Male,Env_Baseline,VM_Baseline_Jej.
JP19,JAX,Baseline,Chow,Female,Jax_Baseline,XF_Baseline_Jej
JP2,CR,Baseline,Chow,Female,CR_Baseline,CF_Baseline_Jej.
JP20,JAX,Baseline,Chow,Female,Jax_Baseline,XF_Baseline_Jej
JP21,JAX,Baseline,Chow,Female,Jax_Baseline,XF_Baseline_Jej
JP22,JAX,Baseline,Chow,Male,Jax_Baseline,XM_Baseline_Jej
JP23,JAX,Baseline,Chow,Male,Jax_Baseline,XM_Baseline_Jej
JP24,JAX,Baseline,Chow,Male,Jax_Baseline,XM_Baseline_Jej
JP29,CR,Endpoint,Chow,Male,CR_Chow,CM_CHOW
JP299,CR,Baseline,Chow,Diet,,C_Chow
JP3,CR,Baseline,Chow,Female,CR_Baseline,CF_Baseline_Jej.
JP300,Tac,Baseline,Chow,Diet,,T_Chow
JP301,JAX,Baseline,Chow,Diet,,X_Chow
JP302,Envigo,Baseline,Chow,Diet,,E_Chow
JP303,UTHSC,Endpoint,Chow,Diet,,In_house_Chow
JP4,CR,Baseline,Chow,Male,CR_Baseline,CM_Baseline_Jej.
JP47,CR,Endpoint,Chow,Female,CR_Chow,CF_CHOW
JP48,CR,Endpoint,Chow,Female,CR_Chow,CF_CHOW
JP49,CR,Endpoint,Chow,Female,CR_Chow,CF_CHOW
JP5,CR,Baseline,Chow,Male,CR_Baseline,CM_Baseline_Jej.
JP54,CR,Endpoint,Chow,Male,CR_Chow,CM_CHOW
JP55,CR,Endpoint,Chow,Male,CR_Chow,CM_CHOW
JP6,CR,Baseline,Chow,Male,CR_Baseline,CM_Baseline_Jej.
JP61,Tac,Endpoint,Chow,Female,Tac_Chow,TF_CHOW
JP62,Tac,Endpoint,Chow,Female,Tac_Chow,TF_CHOW
JP63,Tac,Endpoint,Chow,Female,Tac_Chow,TF_CHOW
JP68,Tac,Endpoint,Chow,Male,Tac_Chow,TM_CHOW
JP69,Tac,Endpoint,Chow,Male,Tac_Chow,TM_CHOW
JP7,Tac,Baseline,Chow,Female,Tac_Baseline,TF_Baseline_Jej
JP70,Tac,Endpoint,Chow,Male,Tac_Chow,TM_CHOW
JP74,Envigo,Endpoint,Chow,Female,Env_Chow,VF_CHOW
JP75,Envigo,Endpoint,Chow,Female,Env_Chow,VF_CHOW
JP76,Envigo,Endpoint,Chow,Female,Env_Chow,VF_CHOW
JP8,Tac,Baseline,Chow,Female,Tac_Baseline,TF_Baseline_Jej
JP80,Envigo,Endpoint,Chow,Male,Env_Chow,VM_CHOW
JP81,Envigo,Endpoint,Chow,Male,Env_Chow,VM_CHOW
JP82,Envigo,Endpoint,Chow,Male,Env_Chow,VM_CHOW
JP87,JAX,Endpoint,Chow,Female,Jax_Chow,XF_CHOW
JP88,JAX,Endpoint,Chow,Female,Jax_Chow,XF_CHOW
JP89,JAX,Endpoint,Chow,Female,Jax_Chow,XF_CHOW
JP9,Tac,Baseline,Chow,Female,Tac_Baseline,TF_Baseline_Jej
JP94,JAX,Endpoint,Chow,Male,Jax_Chow,XM_CHOW
JP95,JAX,Endpoint,Chow,Male,Jax_Chow,XM_CHOW
JP96,JAX,Endpoint,Chow,Male,Jax_Chow,XM_CHOW
JP305,UTHSC,Endpoint,LFD,Diet,,In_house_LFD
JP44,CR,Endpoint,LFD,Female,CR_LFD,CF_LFD
JP45,CR,Endpoint,LFD,Female,CR_LFD,CF_LFD
JP46,CR,Endpoint,LFD,Female,CR_LFD,CF_LFD
JP51,CR,Endpoint,LFD,Male,CR_LFD,CM_LFD
JP52,CR,Endpoint,LFD,Male,CR_LFD,CM_LFD
JP53,CR,Endpoint,LFD,Male,CR_LFD,CM_LFD
JP58,Tac,Endpoint,LFD,Female,Tac_LFD,TF_LFD
JP59,Tac,Endpoint,LFD,Female,Tac_LFD,TF_LFD
JP60,Tac,Endpoint,LFD,Female,Tac_LFD,TF_LFD
JP65,Tac,Endpoint,LFD,Male,Tac_LFD,TM_LFD
JP66,Tac,Endpoint,LFD,Male,Tac_LFD,TM_LFD
JP67,Tac,Endpoint,LFD,Male,Tac_LFD,TM_LFD
JP71,Envigo,Endpoint,LFD,Female,Env_LFD,VF_LFD
JP72,Envigo,Endpoint,LFD,Female,Env_LFD,VF_LFD
JP73,Envigo,Endpoint,LFD,Female,Env_LFD,VF_LFD
JP77,Envigo,Endpoint,LFD,Male,Env_LFD,VM_LFD
JP78,Envigo,Endpoint,LFD,Male,Env_LFD,VM_LFD
JP79,Envigo,Endpoint,LFD,Male,Env_LFD,VM_LFD
JP84,JAX,Endpoint,LFD,Female,Jax_LFD,XF_LFD
JP85,JAX,Endpoint,LFD,Female,Jax_LFD,XF_LFD
JP86,JAX,Endpoint,LFD,Female,Jax_LFD,XF_LFD
JP91,JAX,Endpoint,LFD,Male,Jax_LFD,XM_LFD
JP92,JAX,Endpoint,LFD,Male,Jax_LFD,XM_LFD
JP93,JAX,Endpoint,LFD,Male,Jax_LFD,XM_LFD