﻿Taxon,Envigo,Envigo,Envigo,Envigo,Envigo,Envigo,Envigo,Envigo,Envigo,Envigo,Envigo,Envigo,Envigo,Envigo,Envigo,Envigo,Envigo
g__Parabacteroides;,129,17,3,1,7,4,0,1,3,19,38,8,0,0,40,168,57
f__Ruminococcaceae;,47,14,49,0,13,15,2,0,0,33,20,28,0,1,67,121,126
g__Akkermansia;,1,0,0,0,0,1,26,107,2,5,7,3,48,29,8,4,6
o__Bacillales,14,0,38,0,1,0,0,0,0,0,0,0,0,0,0,0,0
g__Bacteroides;,0,0,0,0,0,0,23,16,8,0,0,0,0,1,0,0,0
f__Lachnospiraceae;,10,0,4,0,1,1,0,2,0,1,6,2,0,0,1,4,0
g__Trichothecium;,303,1664,584,13630,6161,3016,0,0,1,2,2,10,7,26,6,1387,67
o__Helotiales,0,2,15,0,1,0,277,42,8,3,0,0,1625,566,0,0,3
g__Aspergillus,14,50,27,0,4,5,10,1,5,16,15,3,0,2,33,3,2
g__Filobasidium,11,2,8,0,0,1,0,0,0,0,0,0,0,0,0,8,0
g__Cladosporium,34,59,49,1,2,0,5,1,0,2,0,6,0,0,0,0,0
g__Articulospora,0,6,2,61,30,9,0,0,0,0,0,0,0,0,0,4,0
g__Toxicocladosporium;,0,0,1,0,0,0,0,0,0,0,0,0,0,0,2,4,1
g__Candida,3,2,0,0,0,0,0,0,0,4,11,2,0,0,0,0,0