﻿Taxon,Baseline,Baseline,Baseline,Baseline,Baseline,Baseline,Baseline,Baseline,Baseline,Baseline,Baseline,Baseline,Baseline,Baseline,Baseline,Baseline,Baseline,Baseline,Baseline,Baseline,Baseline,Baseline,Baseline,Baseline
g__Parabacteroides,17,382,14,778,121,27,2,5,1,0,0,0,129,17,3,1,7,4,0,0,2,0,4,1
f__Ruminococcaceae,8,19,9,56,43,7,11,9,68,3,8,3,47,14,49,0,13,15,1,0,0,1,0,2
g__Akkermansia,8,3,6,1,0,4,4,1,2,0,0,0,1,0,0,0,0,1,1,3,0,0,1,0
o__Bacillales,1,1,0,0,1,1,0,33,345,0,0,0,14,0,38,0,1,0,0,0,0,0,0,0
g__Bacteroides,0,0,0,0,0,0,0,0,0,0,0,0,0,0,0,0,0,0,0,1,0,0,0,0
f__Lachnospiraceae,0,1,0,9,0,0,0,1,2,0,1,0,10,0,4,0,1,1,0,0,4,0,0,0
g__Trichothecium,8837,4411,9669,4452,6396,11035,16,2,2,2,3,1,303,1664,584,13630,6161,3016,1,1,0,0,2,0
o__Helotiales,1,0,1,0,2,0,49,6,2,3,0,21,0,2,15,0,1,0,86,6,7,158,116,140
g__Aspergillus,0,5,1,5,12,0,7,6,7,1,5,1,14,50,27,0,4,5,4,0,0,0,5,5
g__Filobasidium,1,24,0,51,5,1,0,0,0,0,1,0,11,2,8,0,0,1,0,0,0,5,3,92
g__Cladosporium,0,0,0,0,0,0,0,0,0,0,0,0,34,59,49,1,2,0,0,0,0,0,0,0
g__Articulospora,23,16,32,13,16,33,0,0,0,0,0,0,0,6,2,61,30,9,0,0,0,0,0,0
g__Toxicocladosporium,1,2,4,0,8,0,0,1,0,0,0,0,0,0,1,0,0,0,0,6,1,1,5,61
g__Candida,0,1,1,0,0,0,1,1,2,0,3,1,3,2,0,0,0,0,9,25,8,18,2,9