﻿#SampleID,Vendor,Timepoint,Diet,Sex,g__Parabacteroides;,f__Ruminococcaceae;,g__Akkermansia;,o__Bacillales,g__Bacteroides;,f__Lachnospiraceae;,g__Trichothecium;,o__Helotiales,g__Aspergillus,g__Filobasidium,g__Cladosporium,g__Articulospora,g__Toxicocladosporium;,g__Candida
JP306,CR,Baseline,Chow,Female,17,8,8,1,0,0,8837,1,0,1,0,23,1,0
JP307,CR,Baseline,Chow,Female,382,19,3,1,0,1,4411,0,5,24,0,16,2,1
JP308,CR,Baseline,Chow,Female,14,9,6,0,0,0,9669,1,1,0,0,32,4,1
JP309,CR,Baseline,Chow,Male,778,56,1,0,0,9,4452,0,5,51,0,13,0,0
JP310,CR,Baseline,Chow,Male,121,43,0,1,0,0,6396,2,12,5,0,16,8,0
JP311,CR,Baseline,Chow,Male,27,7,4,1,0,0,11035,0,0,1,0,33,0,0
JP334,CR,Endpoint,Chow,Male,58,274,63,0,0,1,12,0,36,11,0,0,62,0
JP349,CR,Endpoint,LFD,Female,1,2,8,0,21,0,60,0,12,0,36,0,0,3
JP350,CR,Endpoint,LFD,Female,0,7,4,0,16,0,1,36,1,0,0,0,0,1
JP351,CR,Endpoint,LFD,Female,0,0,4,0,11,0,0,101,11,0,0,0,0,1
JP352,CR,Endpoint,Chow,Female,556,38,3,0,1,1,4,0,1,2,0,0,4,0
JP353,CR,Endpoint,Chow,Female,1876,90,52,0,0,14,8,0,2,72,0,0,39,0
JP354,CR,Endpoint,Chow,Female,239,33,7,1,0,6,35,2,0,13,0,0,7,8
JP356,CR,Endpoint,LFD,Male,0,15,12,0,11,2,2,3,4,0,0,0,0,0
JP357,CR,Endpoint,LFD,Male,0,25,8,0,5,0,0,0,7,0,0,0,0,0
JP358,CR,Endpoint,LFD,Male,0,22,14,0,0,0,0,0,4,0,0,0,0,0
JP359,CR,Endpoint,Chow,Male,45,20,24,0,0,1,184,0,28,1,0,0,5,0
JP360,CR,Endpoint,Chow,Male,11,599,25,7,0,5,80,0,7,9,0,0,4,0
JP496,CR,Baseline,Chow,Diet,0,0,0,0,0,0,38,0,0,0,0,0,0,0
JP318,Envigo,Baseline,Chow,Female,129,47,1,14,0,10,303,0,14,11,34,0,0,3
JP319,Envigo,Baseline,Chow,Female,17,14,0,0,0,0,1664,2,50,2,59,6,0,2
JP320,Envigo,Baseline,Chow,Female,3,49,0,38,0,4,584,15,27,8,49,2,1,0
JP321,Envigo,Baseline,Chow,Male,1,0,0,0,0,0,13630,0,0,0,1,61,0,0
JP322,Envigo,Baseline,Chow,Male,7,13,0,1,0,1,6161,1,4,0,2,30,0,0
JP323,Envigo,Baseline,Chow,Male,4,15,1,0,0,1,3016,0,5,1,0,9,0,0
JP376,Envigo,Endpoint,LFD,Female,0,2,26,0,23,0,0,277,10,0,5,0,0,0
JP377,Envigo,Endpoint,LFD,Female,1,0,107,0,16,2,0,42,1,0,1,0,0,0
JP378,Envigo,Endpoint,LFD,Female,3,0,2,0,8,0,1,8,5,0,0,0,0,0
JP379,Envigo,Endpoint,Chow,Female,19,33,5,0,0,1,2,3,16,0,2,0,0,4
JP380,Envigo,Endpoint,Chow,Female,38,20,7,0,0,6,2,0,15,0,0,0,0,11
JP381,Envigo,Endpoint,Chow,Female,8,28,3,0,0,2,10,0,3,0,6,0,0,2
JP382,Envigo,Endpoint,LFD,Male,0,0,48,0,0,0,7,1625,0,0,0,0,0,0
JP383,Envigo,Endpoint,LFD,Male,0,1,29,0,1,0,26,566,2,0,0,0,0,0
JP385,Envigo,Endpoint,Chow,Male,40,67,8,0,0,1,6,0,33,0,0,0,2,0
JP386,Envigo,Endpoint,Chow,Male,168,121,4,0,0,4,1387,0,3,8,0,4,4,0
JP387,Envigo,Endpoint,Chow,Male,57,126,6,0,0,0,67,3,2,0,0,0,1,0
JP563,Envigo,Baseline,Chow,Diet,365,2,0,0,0,0,0,94,0,0,0,0,0,0
JP564,In_house_Chow,Endpoint,Chow,Diet,0,0,0,0,0,0,0,0,0,0,0,0,0,0
JP566,In_house_LFD,Endpoint,LFD,Diet,0,0,0,0,8,0,0,0,18,0,0,0,0,0
JP324,JAX,Baseline,Chow,Female,0,1,1,0,0,0,1,86,4,0,0,0,0,9
JP325,JAX,Baseline,Chow,Female,0,0,3,0,1,0,1,6,0,0,0,0,6,25
JP326,JAX,Baseline,Chow,Female,2,0,0,0,0,4,0,7,0,0,0,0,1,8
JP327,JAX,Baseline,Chow,Male,0,1,0,0,0,0,0,158,0,5,0,0,1,18
JP328,JAX,Baseline,Chow,Male,4,0,1,0,0,0,2,116,5,3,0,0,5,2
JP329,JAX,Baseline,Chow,Male,1,2,0,0,0,0,0,140,5,92,0,0,61,9
JP389,JAX,Endpoint,LFD,Female,0,4,41,0,3,2,0,38,0,0,1,0,0,1
JP390,JAX,Endpoint,LFD,Female,1,2,1,0,3,0,0,118,1,0,0,0,0,0
JP391,JAX,Endpoint,LFD,Female,5,0,6,0,22,0,0,46,13,0,0,0,0,0
JP392,JAX,Endpoint,Chow,Female,1,18,0,0,0,0,4,184,4,0,16,0,0,8
JP393,JAX,Endpoint,Chow,Female,1,17,0,0,0,0,1,93,4,0,13,0,0,8
JP394,JAX,Endpoint,Chow,Female,0,11,2,0,0,0,217,16,2,0,16,0,0,0
JP396,JAX,Endpoint,LFD,Male,0,1,1,0,2,0,0,5,2,0,0,0,0,0
JP397,JAX,Endpoint,LFD,Male,0,1,0,0,0,0,1,11,0,0,0,0,0,0
JP398,JAX,Endpoint,LFD,Male,0,0,0,0,0,0,0,6,1,1,0,0,0,0
JP399,JAX,Endpoint,Chow,Male,15,14,0,0,0,0,186,2,6,0,0,1,0,12
JP400,JAX,Endpoint,Chow,Male,10,9,0,0,0,2,2,0,2,0,0,0,0,4
JP401,JAX,Endpoint,Chow,Male,4,8,0,0,0,0,5,1,1,0,1,0,2,2
JP562,JAX,Baseline,Chow,Diet,0,0,0,0,0,0,0,90,3,1,0,0,0,0
JP312,Tac,Baseline,Chow,Female,2,11,4,0,0,0,16,49,7,0,0,0,0,1
JP313,Tac,Baseline,Chow,Female,5,9,1,33,0,1,2,6,6,0,0,0,1,1
JP314,Tac,Baseline,Chow,Female,1,68,2,345,0,2,2,2,7,0,0,0,0,2
JP315,Tac,Baseline,Chow,Male,0,3,0,0,0,0,2,3,1,0,0,0,0,0
JP316,Tac,Baseline,Chow,Male,0,8,0,0,0,1,3,0,5,1,0,0,0,3
JP317,Tac,Baseline,Chow,Male,0,3,0,0,0,0,1,21,1,0,0,0,0,1
JP363,Tac,Endpoint,LFD,Female,0,1,0,0,0,0,0,573,0,0,2,0,0,0
JP364,Tac,Endpoint,LFD,Female,5,9,2,0,0,1,1,82,9,2,2,0,0,0
JP365,Tac,Endpoint,LFD,Female,0,6,0,0,0,0,0,231,1,0,11,0,0,0
JP366,Tac,Endpoint,Chow,Female,0,8,1,0,0,1,1,0,17,0,23,0,0,6
JP367,Tac,Endpoint,Chow,Female,0,5,0,0,0,0,207,0,3,0,38,0,0,2
JP368,Tac,Endpoint,Chow,Female,1,16,6,0,0,0,56,0,2,0,21,0,0,1
JP370,Tac,Endpoint,LFD,Male,0,5,0,0,0,0,0,220,2,0,0,0,0,0
JP371,Tac,Endpoint,LFD,Male,1,12,0,0,3,0,1,477,8,0,0,0,0,0
JP372,Tac,Endpoint,LFD,Male,0,7,0,0,5,0,0,73,7,0,0,0,0,0
JP373,Tac,Endpoint,Chow,Male,30,11,1,3,0,0,1117,1,0,20,0,1,0,0
JP374,Tac,Endpoint,Chow,Male,193,21,12,0,0,0,393,0,0,0,0,0,0,0
JP375,Tac,Endpoint,Chow,Male,97,21,8,3,0,1,195,0,2,7,0,0,0,0
JP497,Tac,Baseline,Chow,Diet,0,22,0,92,0,0,0,80,0,0,0,0,0,0